<?xml version="1.0" encoding="UTF-8"?>
<project-private xmlns="http://www.netbeans.org/ns/project-private/1">
    <editor-bookmarks xmlns="http://www.netbeans.org/ns/editor-bookmarks/2" lastBookmarkId="0"/>
    <open-files xmlns="http://www.netbeans.org/ns/projectui-open-files/2">
        <group>
            <file>file:/D:/David/Documents/Schule/3.Klasse/POS/Git/Exercise_103_Terminkalender/Exercise_103_Terminkalender/src/Appointment.java</file>
            <file>file:/D:/David/Documents/Schule/3.Klasse/POS/Git/Exercise_103_Terminkalender/Exercise_103_Terminkalender/src/AppointmentDlg.java</file>
            <file>file:/D:/David/Documents/Schule/3.Klasse/POS/Git/Exercise_103_Terminkalender/Exercise_103_Terminkalender/src/AppointmentGUI.java</file>
            <file>file:/D:/David/Documents/Schule/3.Klasse/POS/Git/Exercise_103_Terminkalender/Exercise_103_Terminkalender/src/AppointmentModell.java</file>
        </group>
    </open-files>
</project-private>
